"ID","President","Field1"
1,"George Washington","http://upload.wikimedia.org/wikipedia/commons/thumb/9/98/Gilbert_Stuart_-_George_Washington_-_Google_Art_Project.jpg/150px-Gilbert_Stuart_-_George_Washington_-_Google_Art_Project.jpg"
2,"John Adams","http://upload.wikimedia.org/wikipedia/commons/thumb/1/17/Adamstrumbull.jpg/218px-Adamstrumbull.jpg"
3,"Thomas Jefferson","http://upload.wikimedia.org/wikipedia/commons/thumb/0/07/Official_Presidential_portrait_of_Thomas_Jefferson_%28by_Rembrandt_Peale%2C_1800%29.jpg/201px-Official_Presidential_portrait_of_Thomas_Jefferson_%28by_Rembrandt_Peale%2C_1800%29.jpg"
4,"James Madison","http://upload.wikimedia.org/wikipedia/commons/thumb/1/1d/James_Madison.jpg/197px-James_Madison.jpg"
5,"James Monroe","http://upload.wikimedia.org/wikipedia/commons/thumb/9/95/James_Monroe_White_House_portrait_1819.gif/199px-James_Monroe_White_House_portrait_1819.gif#"
6,"John Quincy Adams","http://upload.wikimedia.org/wikipedia/commons/thumb/2/25/John_Quincy_Adams_by_GPA_Healy%2C_1858.jpg/183px-John_Quincy_Adams_by_GPA_Healy%2C_1858.jpg#"
7,"Andrew Jackson","http://upload.wikimedia.org/wikipedia/commons/thumb/4/43/Andrew_jackson_head.jpg/198px-Andrew_jackson_head.jpg"
8,"Martin Van Buren","http://upload.wikimedia.org/wikipedia/commons/thumb/a/af/Mvanburen.jpeg/179px-Mvanburen.jpeg"
9,"William Henry Harrison","http://upload.wikimedia.org/wikipedia/commons/thumb/d/d3/William_Henry_Harrison_by_James_Reid_Lambdin%2C_1835.jpg/199px-William_Henry_Harrison_by_James_Reid_Lambdin%2C_1835.jpg"
10,"John Tyler","http://upload.wikimedia.org/wikipedia/commons/thumb/0/00/WHOportTyler.jpg/182px-WHOportTyler.jpg"
11,"James K. Polk","http://upload.wikimedia.org/wikipedia/commons/thumb/b/b1/James_Knox_Polk_by_GPA_Healy%2C_1858.jpg/182px-James_Knox_Polk_by_GPA_Healy%2C_1858.jpg"
12,"Zachary Taylor","http://upload.wikimedia.org/wikipedia/commons/thumb/6/6b/Zachary_Taylor_by_Joseph_Henry_Bush%2C_c1848.jpg/184px-Zachary_Taylor_by_Joseph_Henry_Bush%2C_c1848.jpg"
13,"Millard Fillmore","http://upload.wikimedia.org/wikipedia/commons/thumb/b/b5/Mfillmore.jpeg/149px-Mfillmore.jpeg"
14,"Franklin Pierce","http://upload.wikimedia.org/wikipedia/commons/thumb/a/a0/Franklin_Pierce_by_GPA_Healy%2C_1858.jpg/183px-Franklin_Pierce_by_GPA_Healy%2C_1858.jpg"
15,"James Buchanan","http://upload.wikimedia.org/wikipedia/commons/thumb/e/ec/James_Buchanan%2C_by_George_Peter_Alexander_Healy.jpg/182px-James_Buchanan%2C_by_George_Peter_Alexander_Healy.jpg"
16,"Abraham Lincoln","http://upload.wikimedia.org/wikipedia/commons/thumb/6/69/Alincoln.jpeg/180px-Alincoln.jpeg"
17,"Andrew Johnson","http://upload.wikimedia.org/wikipedia/commons/thumb/4/42/Ajohnson.jpeg/196px-Ajohnson.jpeg"
18,"Ulysses S. Grant","http://upload.wikimedia.org/wikipedia/commons/thumb/d/d7/Ugrant.jpeg/184px-Ugrant.jpeg"
19,"Rutherford B. Hayes","http://upload.wikimedia.org/wikipedia/commons/thumb/5/5c/Rhayes.jpeg/143px-Rhayes.jpeg"
20,"James A. Garfield","http://upload.wikimedia.org/wikipedia/commons/thumb/5/5c/Jgarfield.jpeg/193px-Jgarfield.jpeg"
21,"Chester A. Arthur","http://upload.wikimedia.org/wikipedia/commons/thumb/5/55/Carthur.jpeg/149px-Carthur.jpeg"
22,"Grover Cleveland","http://upload.wikimedia.org/wikipedia/commons/thumb/2/28/Gcleveland.jpeg/177px-Gcleveland.jpeg"
23,"Benjamin Harrison","http://upload.wikimedia.org/wikipedia/commons/thumb/3/38/Bharrison.jpeg/159px-Bharrison.jpeg"
24,"Grover Cleveland","http://upload.wikimedia.org/wikipedia/commons/thumb/6/66/Anders_Leonard_Zorn_-_Grover_Cleveland_-_Google_Art_Project.jpg/176px-Anders_Leonard_Zorn_-_Grover_Cleveland_-_Google_Art_Project.jpg"
25,"William McKinley","http://upload.wikimedia.org/wikipedia/commons/thumb/0/06/Wmckinley.jpeg/140px-Wmckinley.jpeg"
26,"Theodore Roosevelt","http://upload.wikimedia.org/wikipedia/commons/thumb/5/5f/Troosevelt.jpeg/160px-Troosevelt.jpeg"
27,"William Howard Taft","http://upload.wikimedia.org/wikipedia/commons/thumb/1/18/Whtaft.jpeg/185px-Whtaft.jpeg"
28,"Woodrow Wilson","http://upload.wikimedia.org/wikipedia/commons/thumb/8/83/Presidentwoodrowwilson.jpeg/193px-Presidentwoodrowwilson.jpeg"
29,"Warren G. Harding","http://upload.wikimedia.org/wikipedia/commons/thumb/4/47/Wharding.jpeg/151px-Wharding.jpeg"
30,"Calvin Coolidge","http://upload.wikimedia.org/wikipedia/commons/thumb/6/64/Ccoolidge.jpeg/217px-Ccoolidge.jpeg"
31,"Herbert Hoover","http://upload.wikimedia.org/wikipedia/commons/thumb/d/df/Hhoover.jpeg/190px-Hhoover.jpeg"
32,"Franklin Roosevelt","http://upload.wikimedia.org/wikipedia/commons/thumb/2/29/Froosevelt.jpeg/193px-Froosevelt.jpeg"
33,"Harry S. Truman","http://upload.wikimedia.org/wikipedia/commons/thumb/e/e6/HarryTruman.jpg/189px-HarryTruman.jpg"
34,"Dwight D. Eisenhower","http://upload.wikimedia.org/wikipedia/commons/thumb/5/50/Dwight_D._Eisenhower%2C_official_Presidential_portrait.jpg/187px-Dwight_D._Eisenhower%2C_official_Presidential_portrait.jpg"
35,"John F. Kennedy","http://upload.wikimedia.org/wikipedia/commons/thumb/2/21/John_F_Kennedy_Official_Portrait.jpg/162px-John_F_Kennedy_Official_Portrait.jpg"
36,"Lyndon B. Johnson","http://upload.wikimedia.org/wikipedia/commons/thumb/8/80/Ljohnson.jpeg/202px-Ljohnson.jpeg"
37,"Richard M. Nixon","http://upload.wikimedia.org/wikipedia/commons/a/a5/Richard_Nixon_-_Presidential_portrait.jpg"
38,"Gerald Ford","http://upload.wikimedia.org/wikipedia/commons/thumb/4/4c/Gerald_R._Ford_oil_portrait.jpg/205px-Gerald_R._Ford_oil_portrait.jpg"
39,"Jimmy Carter","http://upload.wikimedia.org/wikipedia/commons/thumb/6/6d/Official_presidential_portrait_of_Jimmy_Carter_%28by_Herbert_E._Abrams%2C_1982%29.jpg/204px-Official_presidential_portrait_of_Jimmy_Carter_%28by_Herbert_E._Abrams%2C_1982%29.jpg"
40,"Ronald Reagan","http://upload.wikimedia.org/wikipedia/commons/thumb/5/5c/Ronald_W._Reagan_oil_portrait_.jpg/192px-Ronald_W._Reagan_oil_portrait_.jpg"
41,"George Bush","http://upload.wikimedia.org/wikipedia/commons/c/cb/George_H._W._Bush_-_Presidential_portrait.jpg"
42,"Bill Clinton","http://upload.wikimedia.org/wikipedia/commons/c/c6/Bill_Clinton_-_Presidential_portrait.jpg"
43,"George W. Bush","http://upload.wikimedia.org/wikipedia/commons/thumb/f/f3/George_W_Bush_-_Presidential_portrait.jpg/191px-George_W_Bush_-_Presidential_portrait.jpg"
44,"Barack Obama","http://upload.wikimedia.org/wikipedia/commons/thumb/8/8d/President_Barack_Obama.jpg/192px-President_Barack_Obama.jpg"
